insert into public.idioms (id, expression, meaning_ja, explanation_ja, hint_ja, level_band)
values
  ('put-forward', 'put forward', '提案する', '案や意見、候補者などを正式に出す時に使います。', 'proposal や idea を前に出す感覚です。', '780'),
  ('hold-off-on', 'hold off on', '見送る', '決定や実施をしばらく延期して様子を見る時に使います。', 'decision や purchase を一旦止める文脈で出やすいです。', '780'),
  ('get-across', 'get across', '伝える', '考えや要点を相手にうまく伝える時に使います。', 'message や point を相手に届ける場面で自然です。', '730'),
  ('phase-in', 'phase in', '段階的に導入する', '制度や仕組みを少しずつ取り入れる時に使います。', 'new system や policy の導入で見かけます。', '860'),
  ('opt-for', 'opt for', '選ぶ', '複数の選択肢の中から意識的に選ぶ時に使います。', 'plan や option を選択する場面で頻出です。', '730'),
  ('factor-in', 'factor in', '織り込む', '費用や条件、事情を計算や判断に含める時に使います。', 'cost や risk を考慮に入れる感覚です。', '860'),
  ('scale-up', 'scale up', '拡大する', '事業や生産量を大きくする時に使います。', 'production や business を広げる文脈で出ます。', '780'),
  ('smooth-out', 'smooth out', '解消する', '問題やばらつきをならして安定させる時に使います。', 'issue や difference をなめらかに整えるイメージです。', '860'),
  ('check-over', 'check over', '点検する', '書類や設備をざっと確認する時に使います。', 'document や machine を確認する文脈で出ます。', '700'),
  ('mark-down', 'mark down', '値下げする', '商品価格を引き下げる時に使います。', 'price や item を安くする場面で自然です。', '730'),
  ('single-out', 'single out', '特に取り上げる', '多数の中から一つを選んで注目する時に使います。', 'employee や issue を特定して挙げる場面で使えます。', '860'),
  ('boil-down-to', 'boil down to', '要する', '複雑な話を突き詰めると結局何か、を表す時に使います。', 'choice や issue が結局何に帰着するかを表します。', '860')
on conflict (id) do nothing;

insert into public.idiom_variants (idiom_id, variant, is_primary)
values
  ('put-forward', 'put forward', true),
  ('hold-off-on', 'hold off on', true),
  ('get-across', 'get across', true),
  ('phase-in', 'phase in', true),
  ('opt-for', 'opt for', true),
  ('factor-in', 'factor in', true),
  ('scale-up', 'scale up', true),
  ('smooth-out', 'smooth out', true),
  ('check-over', 'check over', true),
  ('mark-down', 'mark down', true),
  ('single-out', 'single out', true),
  ('boil-down-to', 'boil down to', true)
on conflict (idiom_id, variant) do nothing;

insert into public.questions (id, idiom_id, prompt_ja, question_type)
values
  ('q-put-forward', 'put-forward', '提案する', 'ja_to_idiom'),
  ('q-put-forward-ja', 'put-forward', 'put forward', 'idiom_to_ja'),
  ('q-put-forward-sentence-ja', 'put-forward', 'She put forward a new pricing strategy at the meeting.', 'sentence_to_ja'),
  ('q-put-forward-sentence-en', 'put-forward', '彼女は会議で新しい価格戦略を提案しました。', 'sentence_ja_to_en'),
  ('q-hold-off-on', 'hold-off-on', '見送る', 'ja_to_idiom'),
  ('q-hold-off-on-ja', 'hold-off-on', 'hold off on', 'idiom_to_ja'),
  ('q-hold-off-on-sentence-ja', 'hold-off-on', 'We decided to hold off on hiring until next quarter.', 'sentence_to_ja'),
  ('q-hold-off-on-sentence-en', 'hold-off-on', '私たちは次の四半期まで採用を見送ることにしました。', 'sentence_ja_to_en'),
  ('q-get-across', 'get-across', '伝える', 'ja_to_idiom'),
  ('q-get-across-ja', 'get-across', 'get across', 'idiom_to_ja'),
  ('q-get-across-sentence-ja', 'get-across', 'The presenter got the main point across clearly.', 'sentence_to_ja'),
  ('q-get-across-sentence-en', 'get-across', '発表者は要点を明確に伝えました。', 'sentence_ja_to_en'),
  ('q-phase-in', 'phase-in', '段階的に導入する', 'ja_to_idiom'),
  ('q-phase-in-ja', 'phase-in', 'phase in', 'idiom_to_ja'),
  ('q-phase-in-sentence-ja', 'phase-in', 'The company will phase in the new system over six months.', 'sentence_to_ja'),
  ('q-phase-in-sentence-en', 'phase-in', '会社は6か月かけて新システムを段階的に導入します。', 'sentence_ja_to_en'),
  ('q-opt-for', 'opt-for', '選ぶ', 'ja_to_idiom'),
  ('q-opt-for-ja', 'opt-for', 'opt for', 'idiom_to_ja'),
  ('q-opt-for-sentence-ja', 'opt-for', 'Many clients opted for the annual plan.', 'sentence_to_ja'),
  ('q-opt-for-sentence-en', 'opt-for', '多くの顧客が年額プランを選びました。', 'sentence_ja_to_en'),
  ('q-factor-in', 'factor-in', '織り込む', 'ja_to_idiom'),
  ('q-factor-in-ja', 'factor-in', 'factor in', 'idiom_to_ja'),
  ('q-factor-in-sentence-ja', 'factor-in', 'Please factor in shipping costs when you prepare the quote.', 'sentence_to_ja'),
  ('q-factor-in-sentence-en', 'factor-in', '見積もりを作る際は送料も織り込んでください。', 'sentence_ja_to_en'),
  ('q-scale-up', 'scale-up', '拡大する', 'ja_to_idiom'),
  ('q-scale-up-ja', 'scale-up', 'scale up', 'idiom_to_ja'),
  ('q-scale-up-sentence-ja', 'scale-up', 'The startup is ready to scale up production next year.', 'sentence_to_ja'),
  ('q-scale-up-sentence-en', 'scale-up', 'そのスタートアップは来年、生産を拡大する準備ができています。', 'sentence_ja_to_en'),
  ('q-smooth-out', 'smooth-out', '解消する', 'ja_to_idiom'),
  ('q-smooth-out-ja', 'smooth-out', 'smooth out', 'idiom_to_ja'),
  ('q-smooth-out-sentence-ja', 'smooth-out', 'We need to smooth out the delivery issues before launch.', 'sentence_to_ja'),
  ('q-smooth-out-sentence-en', 'smooth-out', '発売前に配送上の問題を解消する必要があります。', 'sentence_ja_to_en'),
  ('q-check-over', 'check-over', '点検する', 'ja_to_idiom'),
  ('q-check-over-ja', 'check-over', 'check over', 'idiom_to_ja'),
  ('q-check-over-sentence-ja', 'check-over', 'Please check over the contract before signing it.', 'sentence_to_ja'),
  ('q-check-over-sentence-en', 'check-over', '署名する前にその契約書を点検してください。', 'sentence_ja_to_en'),
  ('q-mark-down', 'mark-down', '値下げする', 'ja_to_idiom'),
  ('q-mark-down-ja', 'mark-down', 'mark down', 'idiom_to_ja'),
  ('q-mark-down-sentence-ja', 'mark-down', 'The store marked down seasonal items by 30 percent.', 'sentence_to_ja'),
  ('q-mark-down-sentence-en', 'mark-down', 'その店は季節商品を30パーセント値下げしました。', 'sentence_ja_to_en'),
  ('q-single-out', 'single-out', '特に取り上げる', 'ja_to_idiom'),
  ('q-single-out-ja', 'single-out', 'single out', 'idiom_to_ja'),
  ('q-single-out-sentence-ja', 'single-out', 'The report singled out customer support as a key strength.', 'sentence_to_ja'),
  ('q-single-out-sentence-en', 'single-out', 'その報告書は顧客対応を主要な強みとして特に取り上げました。', 'sentence_ja_to_en'),
  ('q-boil-down-to', 'boil-down-to', '要する', 'ja_to_idiom'),
  ('q-boil-down-to-ja', 'boil-down-to', 'boil down to', 'idiom_to_ja'),
  ('q-boil-down-to-sentence-ja', 'boil-down-to', 'The final decision boiled down to cost and timing.', 'sentence_to_ja'),
  ('q-boil-down-to-sentence-en', 'boil-down-to', '最終判断は要するにコストと時期の問題でした。', 'sentence_ja_to_en')
on conflict (id) do nothing;
