insert into public.idioms (id, expression, meaning_ja, explanation_ja, hint_ja, level_band)
values
  ('take-care-of', 'take care of', '対応する', '仕事や依頼、事務処理などを引き受けて対応する時に使います。', 'task や request を処理する場面で出やすいです。', '700') ,
  ('drop-off', 'drop off', '下がる', '売上や来客数などが減少する時に使います。', 'sales や demand が主語になりやすいです。', '730') ,
  ('pick-up', 'pick up', '回復する', '業績や需要が回復する時に使います。', 'sales や business が良くなる文脈で覚えやすいです。', '730') ,
  ('set-off', 'set off', '出発する', '出張や移動で目的地へ向けて出る時に使います。', 'trip や airport に向かう場面で出やすいです。', '700') ,
  ('narrow-down', 'narrow down', '絞り込む', '候補や選択肢を少しずつ減らす時に使います。', 'candidate や option を減らすイメージです。', '780') ,
  ('brush-up-on', 'brush up on', '復習する', '知識やスキルを学び直して磨き直す時に使います。', 'English や presentation skills と相性が良いです。', '780') ,
  ('point-to', 'point to', '示す', 'データや結果が何かを示唆する時に使います。', 'result や evidence が主語になりやすいです。', '780') ,
  ('shut-down', 'shut down', '閉鎖する', '店舗や設備、システムを停止・閉鎖する時に使います。', 'factory や system を止める場面で頻出です。', '730') ,
  ('move-forward-with', 'move forward with', '進める', '計画や案件を前進させる時に使います。', 'proposal や project を先へ進める感覚です。', '780') ,
  ('fall-behind-on', 'fall behind on', '遅れる', '支払いや予定などに遅れが出る時に使います。', 'payment や schedule が後ろに来やすいです。', '780') ,
  ('hold-on-to', 'hold on to', '維持する', '顧客や市場シェア、権利などを手放さず維持する時に使います。', 'customer や position と相性が良いです。', '860') ,
  ('pay-off', 'pay off', '成果を上げる', '努力や投資が良い結果につながる時に使います。', 'effort や strategy が報われる文脈で出ます。', '780') ,
  ('wrap-up', 'wrap up', '終える', '会議や作業を手際よく締めくくる時に使います。', 'meeting や discussion を終える場面で自然です。', '700') ,
  ('run-by', 'run by', '相談する', '案や確認事項を相手に軽く見せて意見を聞く時に使います。', 'idea や proposal を上司に見せる場面で出やすいです。', '780') ,
  ('branch-out', 'branch out', '事業を広げる', '新しい分野や市場へ進出する時に使います。', 'new market や new service に広がるイメージです。', '860') ,
  ('pull-off', 'pull off', 'やり遂げる', '難しい仕事や企画を成功させる時に使います。', 'project や event を成功させる文脈で覚えやすいです。', '860') ,
  ('turn-over', 'turn over', '引き渡す', '資料や業務を次の担当へ渡す時に使います。', 'document や responsibility を渡す場面で出ます。', '730') ,
  ('write-up', 'write up', '書き上げる', '報告書や記事、提案書などを文章としてまとめる時に使います。', 'report や summary を仕上げるイメージです。', '730') ,
  ('go-along-with', 'go along with', '賛成する', '提案や計画に同意して従う時に使います。', 'plan や suggestion に乗る感覚です。', '780') ,
  ('zero-in-on', 'zero in on', '的を絞る', '課題や対象を絞って集中する時に使います。', 'target や issue に焦点を合わせる場面で出やすいです。', '860') ,
  ('spell-out', 'spell out', '明確に説明する', '条件や手順を分かりやすく具体的に示す時に使います。', 'detail や rule をはっきり伝える場面で自然です。', '780') ,
  ('move-up', 'move up', '昇進する', '役職や順位が上がる時に使います。', 'career や rank が上がる場面を思い浮かべると覚えやすいです。', '730') ,
  ('break-into', 'break into', '参入する', '新しい市場や業界に入る時に使います。', 'market や industry に入る場面で頻出です。', '860') ,
  ('draw-on', 'draw on', '活用する', '経験や資源、知識を利用する時に使います。', 'experience や data を使う文脈で出ます。', '780') ,
  ('keep-to', 'keep to', '守る', '規則や予定、予算などの範囲内に収める時に使います。', 'schedule や budget を守る感覚です。', '780') ,
  ('hand-back', 'hand back', '返却する', '資料や鍵などを相手へ返す時に使います。', 'document や key を戻す場面で出やすいです。', '700') ,
  ('set-forth', 'set forth', '述べる', '条件や方針を文書で明示する時に使います。', 'rule や objective を示す文脈で覚えやすいです。', '860') ,
  ('bring-down', 'bring down', '引き下げる', '価格やコスト、割合などを下げる時に使います。', 'cost や rate を下げる場面で自然です。', '780')
on conflict (id) do nothing;

insert into public.idiom_variants (idiom_id, variant, is_primary)
values
  ('take-care-of', 'take care of', true) ,
  ('drop-off', 'drop off', true) ,
  ('pick-up', 'pick up', true) ,
  ('set-off', 'set off', true) ,
  ('narrow-down', 'narrow down', true) ,
  ('brush-up-on', 'brush up on', true) ,
  ('point-to', 'point to', true) ,
  ('shut-down', 'shut down', true) ,
  ('move-forward-with', 'move forward with', true) ,
  ('fall-behind-on', 'fall behind on', true) ,
  ('hold-on-to', 'hold on to', true) ,
  ('pay-off', 'pay off', true) ,
  ('wrap-up', 'wrap up', true) ,
  ('run-by', 'run by', true) ,
  ('branch-out', 'branch out', true) ,
  ('pull-off', 'pull off', true) ,
  ('turn-over', 'turn over', true) ,
  ('write-up', 'write up', true) ,
  ('go-along-with', 'go along with', true) ,
  ('zero-in-on', 'zero in on', true) ,
  ('spell-out', 'spell out', true) ,
  ('move-up', 'move up', true) ,
  ('break-into', 'break into', true) ,
  ('draw-on', 'draw on', true) ,
  ('keep-to', 'keep to', true) ,
  ('hand-back', 'hand back', true) ,
  ('set-forth', 'set forth', true) ,
  ('bring-down', 'bring down', true)
on conflict (idiom_id, variant) do nothing;

insert into public.questions (id, idiom_id, prompt_ja, question_type)
values
  ('q-take-care-of', 'take-care-of', '対応する', 'ja_to_idiom') ,
  ('q-take-care-of-ja', 'take-care-of', 'take care of', 'idiom_to_ja') ,
  ('q-take-care-of-sentence-ja', 'take-care-of', 'I will take care of the travel arrangements today.', 'sentence_to_ja') ,
  ('q-take-care-of-sentence-en', 'take-care-of', '今日、出張の手配はこちらで対応します。', 'sentence_ja_to_en') ,
  ('q-drop-off', 'drop-off', '下がる', 'ja_to_idiom') ,
  ('q-drop-off-ja', 'drop-off', 'drop off', 'idiom_to_ja') ,
  ('q-drop-off-sentence-ja', 'drop-off', 'Online orders usually drop off after the holiday season.', 'sentence_to_ja') ,
  ('q-drop-off-sentence-en', 'drop-off', 'オンライン注文は通常、休暇シーズン後に落ち込みます。', 'sentence_ja_to_en') ,
  ('q-pick-up', 'pick-up', '回復する', 'ja_to_idiom') ,
  ('q-pick-up-ja', 'pick-up', 'pick up', 'idiom_to_ja') ,
  ('q-pick-up-sentence-ja', 'pick-up', 'Sales picked up in the second quarter.', 'sentence_to_ja') ,
  ('q-pick-up-sentence-en', 'pick-up', '売上は第2四半期に回復しました。', 'sentence_ja_to_en') ,
  ('q-set-off', 'set-off', '出発する', 'ja_to_idiom') ,
  ('q-set-off-ja', 'set-off', 'set off', 'idiom_to_ja') ,
  ('q-set-off-sentence-ja', 'set-off', 'We will set off for the airport at six.', 'sentence_to_ja') ,
  ('q-set-off-sentence-en', 'set-off', '私たちは6時に空港へ向けて出発します。', 'sentence_ja_to_en') ,
  ('q-narrow-down', 'narrow-down', '絞り込む', 'ja_to_idiom') ,
  ('q-narrow-down-ja', 'narrow-down', 'narrow down', 'idiom_to_ja') ,
  ('q-narrow-down-sentence-ja', 'narrow-down', 'The committee narrowed down the list to three candidates.', 'sentence_to_ja') ,
  ('q-narrow-down-sentence-en', 'narrow-down', '委員会は候補者リストを3人に絞り込みました。', 'sentence_ja_to_en') ,
  ('q-brush-up-on', 'brush-up-on', '復習する', 'ja_to_idiom') ,
  ('q-brush-up-on-ja', 'brush-up-on', 'brush up on', 'idiom_to_ja') ,
  ('q-brush-up-on-sentence-ja', 'brush-up-on', 'She is brushing up on her accounting skills this week.', 'sentence_to_ja') ,
  ('q-brush-up-on-sentence-en', 'brush-up-on', '彼女は今週、会計スキルを復習しています。', 'sentence_ja_to_en') ,
  ('q-point-to', 'point-to', '示す', 'ja_to_idiom') ,
  ('q-point-to-ja', 'point-to', 'point to', 'idiom_to_ja') ,
  ('q-point-to-sentence-ja', 'point-to', 'The latest figures point to a steady recovery.', 'sentence_to_ja') ,
  ('q-point-to-sentence-en', 'point-to', '最新の数値は着実な回復を示しています。', 'sentence_ja_to_en') ,
  ('q-shut-down', 'shut-down', '閉鎖する', 'ja_to_idiom') ,
  ('q-shut-down-ja', 'shut-down', 'shut down', 'idiom_to_ja') ,
  ('q-shut-down-sentence-ja', 'shut-down', 'The company had to shut down the old plant last year.', 'sentence_to_ja') ,
  ('q-shut-down-sentence-en', 'shut-down', '会社は昨年、その古い工場を閉鎖しなければなりませんでした。', 'sentence_ja_to_en') ,
  ('q-move-forward-with', 'move-forward-with', '進める', 'ja_to_idiom') ,
  ('q-move-forward-with-ja', 'move-forward-with', 'move forward with', 'idiom_to_ja') ,
  ('q-move-forward-with-sentence-ja', 'move-forward-with', 'We are ready to move forward with the proposal.', 'sentence_to_ja') ,
  ('q-move-forward-with-sentence-en', 'move-forward-with', '私たちはその提案を進める準備ができています。', 'sentence_ja_to_en') ,
  ('q-fall-behind-on', 'fall-behind-on', '遅れる', 'ja_to_idiom') ,
  ('q-fall-behind-on-ja', 'fall-behind-on', 'fall behind on', 'idiom_to_ja') ,
  ('q-fall-behind-on-sentence-ja', 'fall-behind-on', 'Several clients fell behind on their payments.', 'sentence_to_ja') ,
  ('q-fall-behind-on-sentence-en', 'fall-behind-on', '複数の顧客が支払いに遅れました。', 'sentence_ja_to_en') ,
  ('q-hold-on-to', 'hold-on-to', '維持する', 'ja_to_idiom') ,
  ('q-hold-on-to-ja', 'hold-on-to', 'hold on to', 'idiom_to_ja') ,
  ('q-hold-on-to-sentence-ja', 'hold-on-to', 'The company hopes to hold on to its top customers.', 'sentence_to_ja') ,
  ('q-hold-on-to-sentence-en', 'hold-on-to', '会社は主要顧客を維持したいと考えています。', 'sentence_ja_to_en') ,
  ('q-pay-off', 'pay-off', '成果を上げる', 'ja_to_idiom') ,
  ('q-pay-off-ja', 'pay-off', 'pay off', 'idiom_to_ja') ,
  ('q-pay-off-sentence-ja', 'pay-off', 'All the extra training paid off in the end.', 'sentence_to_ja') ,
  ('q-pay-off-sentence-en', 'pay-off', '追加研修は最終的に成果を上げました。', 'sentence_ja_to_en') ,
  ('q-wrap-up', 'wrap-up', '終える', 'ja_to_idiom') ,
  ('q-wrap-up-ja', 'wrap-up', 'wrap up', 'idiom_to_ja') ,
  ('q-wrap-up-sentence-ja', 'wrap-up', 'Let''s wrap up the meeting in the next five minutes.', 'sentence_to_ja') ,
  ('q-wrap-up-sentence-en', 'wrap-up', 'あと5分で会議を終えましょう。', 'sentence_ja_to_en') ,
  ('q-run-by', 'run-by', '相談する', 'ja_to_idiom') ,
  ('q-run-by-ja', 'run-by', 'run by', 'idiom_to_ja') ,
  ('q-run-by-sentence-ja', 'run-by', 'Can I run this idea by you before lunch?', 'sentence_to_ja') ,
  ('q-run-by-sentence-en', 'run-by', '昼前にこの案を一度あなたに相談してもいいですか。', 'sentence_ja_to_en') ,
  ('q-branch-out', 'branch-out', '事業を広げる', 'ja_to_idiom') ,
  ('q-branch-out-ja', 'branch-out', 'branch out', 'idiom_to_ja') ,
  ('q-branch-out-sentence-ja', 'branch-out', 'The retailer plans to branch out into online services.', 'sentence_to_ja') ,
  ('q-branch-out-sentence-en', 'branch-out', 'その小売業者はオンラインサービス分野へ事業を広げる予定です。', 'sentence_ja_to_en') ,
  ('q-pull-off', 'pull-off', 'やり遂げる', 'ja_to_idiom') ,
  ('q-pull-off-ja', 'pull-off', 'pull off', 'idiom_to_ja') ,
  ('q-pull-off-sentence-ja', 'pull-off', 'The team pulled off a successful product launch.', 'sentence_to_ja') ,
  ('q-pull-off-sentence-en', 'pull-off', 'チームは製品発表を成功させました。', 'sentence_ja_to_en') ,
  ('q-turn-over', 'turn-over', '引き渡す', 'ja_to_idiom') ,
  ('q-turn-over-ja', 'turn-over', 'turn over', 'idiom_to_ja') ,
  ('q-turn-over-sentence-ja', 'turn-over', 'Please turn over the account files to the next manager.', 'sentence_to_ja') ,
  ('q-turn-over-sentence-en', 'turn-over', 'その口座資料を次の担当マネージャーへ引き渡してください。', 'sentence_ja_to_en') ,
  ('q-write-up', 'write-up', '書き上げる', 'ja_to_idiom') ,
  ('q-write-up-ja', 'write-up', 'write up', 'idiom_to_ja') ,
  ('q-write-up-sentence-ja', 'write-up', 'She will write up the inspection report tomorrow.', 'sentence_to_ja') ,
  ('q-write-up-sentence-en', 'write-up', '彼女は明日、検査報告書を書き上げます。', 'sentence_ja_to_en') ,
  ('q-go-along-with', 'go-along-with', '賛成する', 'ja_to_idiom') ,
  ('q-go-along-with-ja', 'go-along-with', 'go along with', 'idiom_to_ja') ,
  ('q-go-along-with-sentence-ja', 'go-along-with', 'Most members went along with the revised plan.', 'sentence_to_ja') ,
  ('q-go-along-with-sentence-en', 'go-along-with', 'ほとんどのメンバーが修正版の計画に賛成しました。', 'sentence_ja_to_en') ,
  ('q-zero-in-on', 'zero-in-on', '的を絞る', 'ja_to_idiom') ,
  ('q-zero-in-on-ja', 'zero-in-on', 'zero in on', 'idiom_to_ja') ,
  ('q-zero-in-on-sentence-ja', 'zero-in-on', 'We need to zero in on the main cause of the issue.', 'sentence_to_ja') ,
  ('q-zero-in-on-sentence-en', 'zero-in-on', '私たちはその問題の主な原因に的を絞る必要があります。', 'sentence_ja_to_en') ,
  ('q-spell-out', 'spell-out', '明確に説明する', 'ja_to_idiom') ,
  ('q-spell-out-ja', 'spell-out', 'spell out', 'idiom_to_ja') ,
  ('q-spell-out-sentence-ja', 'spell-out', 'The contract clearly spells out the payment terms.', 'sentence_to_ja') ,
  ('q-spell-out-sentence-en', 'spell-out', 'その契約書は支払条件を明確に説明しています。', 'sentence_ja_to_en') ,
  ('q-move-up', 'move-up', '昇進する', 'ja_to_idiom') ,
  ('q-move-up-ja', 'move-up', 'move up', 'idiom_to_ja') ,
  ('q-move-up-sentence-ja', 'move-up', 'She moved up to a senior role last year.', 'sentence_to_ja') ,
  ('q-move-up-sentence-en', 'move-up', '彼女は昨年、上位職へ昇進しました。', 'sentence_ja_to_en') ,
  ('q-break-into', 'break-into', '参入する', 'ja_to_idiom') ,
  ('q-break-into-ja', 'break-into', 'break into', 'idiom_to_ja') ,
  ('q-break-into-sentence-ja', 'break-into', 'The startup is trying to break into the overseas market.', 'sentence_to_ja') ,
  ('q-break-into-sentence-en', 'break-into', 'そのスタートアップは海外市場へ参入しようとしています。', 'sentence_ja_to_en') ,
  ('q-draw-on', 'draw-on', '活用する', 'ja_to_idiom') ,
  ('q-draw-on-ja', 'draw-on', 'draw on', 'idiom_to_ja') ,
  ('q-draw-on-sentence-ja', 'draw-on', 'The consultant drew on past experience to solve the issue.', 'sentence_to_ja') ,
  ('q-draw-on-sentence-en', 'draw-on', 'そのコンサルタントは過去の経験を活用して問題を解決しました。', 'sentence_ja_to_en') ,
  ('q-keep-to', 'keep-to', '守る', 'ja_to_idiom') ,
  ('q-keep-to-ja', 'keep-to', 'keep to', 'idiom_to_ja') ,
  ('q-keep-to-sentence-ja', 'keep-to', 'We need to keep to the original budget this quarter.', 'sentence_to_ja') ,
  ('q-keep-to-sentence-en', 'keep-to', '今期は当初予算を守る必要があります。', 'sentence_ja_to_en') ,
  ('q-hand-back', 'hand-back', '返却する', 'ja_to_idiom') ,
  ('q-hand-back-ja', 'hand-back', 'hand back', 'idiom_to_ja') ,
  ('q-hand-back-sentence-ja', 'hand-back', 'Please hand back your visitor badge at the front desk.', 'sentence_to_ja') ,
  ('q-hand-back-sentence-en', 'hand-back', '受付で来訪者バッジを返却してください。', 'sentence_ja_to_en') ,
  ('q-set-forth', 'set-forth', '述べる', 'ja_to_idiom') ,
  ('q-set-forth-ja', 'set-forth', 'set forth', 'idiom_to_ja') ,
  ('q-set-forth-sentence-ja', 'set-forth', 'The brochure sets forth the main objectives of the program.', 'sentence_to_ja') ,
  ('q-set-forth-sentence-en', 'set-forth', 'そのパンフレットはプログラムの主な目的を述べています。', 'sentence_ja_to_en') ,
  ('q-bring-down', 'bring-down', '引き下げる', 'ja_to_idiom') ,
  ('q-bring-down-ja', 'bring-down', 'bring down', 'idiom_to_ja') ,
  ('q-bring-down-sentence-ja', 'bring-down', 'The new process helped bring down operating costs.', 'sentence_to_ja') ,
  ('q-bring-down-sentence-en', 'bring-down', '新しい工程は運営コストの引き下げに役立ちました。', 'sentence_ja_to_en')
on conflict (id) do nothing;
