insert into public.idioms (id, expression, meaning_ja, explanation_ja, hint_ja, level_band)
values
  ('hold-up', 'hold up', '遅らせる', '配送や進行を妨げて遅らせる時に使います。', 'traffic や accident が原因になる文脈で出やすいです。', '730') ,
  ('hand-over', 'hand over', '引き渡す', '書類や担当、設備などを相手に正式に渡す時に使います。', 'hand in と違って、相手に渡す動きが中心です。', '730') ,
  ('sort-out', 'sort out', '整理する', '情報や問題を整理して、状況を落ち着かせる時に使います。', 'issue や schedule を片付けるイメージです。', '730') ,
  ('bring-up', 'bring up', '取り上げる', '会議や会話で議題や問題点を持ち出す時に使います。', 'topic や issue と相性が良いです。', '700') ,
  ('send-out', 'send out', '送付する', '案内や書類、メールなどをまとめて送る時に使います。', 'notice や invitation がよく続きます。', '700') ,
  ('rule-out', 'rule out', '除外する', '可能性や候補から外す時の定番表現です。', 'option や cause を候補から外す場面で使います。', '780') ,
  ('sum-up', 'sum up', '要約する', '議論や報告の最後に要点をまとめる時に使います。', 'point や discussion をまとめる時に自然です。', '730') ,
  ('roll-out', 'roll out', '展開する', '新サービスや制度を順次導入する時に使われます。', 'product や system を広く出すイメージです。', '780') ,
  ('phase-out', 'phase out', '段階的に廃止する', '古い制度や製品を少しずつやめる時に使います。', 'old model や paper process をなくす文脈で出ます。', '860') ,
  ('turn-out', 'turn out', '判明する', '結果としてそうだと分かる時に使います。', 'better than expected のような結果表現と一緒に出やすいです。', '780') ,
  ('sign-up-for', 'sign up for', '申し込む', '研修やイベントなどに参加登録する時の表現です。', 'course や seminar と一緒に覚えると使いやすいです。', '700') ,
  ('log-in', 'log in', 'ログインする', 'システムにアクセスするために認証する時に使います。', 'account や dashboard に入る場面で頻出です。', '700') ,
  ('back-out-of', 'back out of', '手を引く', '契約や計画から途中で撤退する時に使います。', 'deal や agreement とよく組み合わさります。', '860') ,
  ('go-ahead-with', 'go ahead with', '進める', '計画や施策を実行に移す時に使われます。', 'plan や project を前へ進める感覚です。', '780') ,
  ('put-through', 'put through', '取り次ぐ', '電話を担当部署や相手につなぐ時に使います。', 'call と一緒に出る場面を覚えると定着しやすいです。', '730') ,
  ('step-in', 'step in', '介入する', '問題が起きた時に途中から関わって収める時に使います。', 'manager や supervisor が主語になりやすいです。', '780') ,
  ('line-up', 'line up', '手配する', '人や候補、取引先などを前もってそろえる時に使います。', 'vendor や speaker を確保する場面で自然です。', '780') ,
  ('bring-in', 'bring in', '起用する', '外部の専門家や新しい人材を招き入れる時に使います。', 'consultant や expert を呼ぶ文脈で覚えやすいです。', '780') ,
  ('call-for', 'call for', '必要とする', '状況や職務が特定の能力や対応を求める時に使います。', 'skill や action が後ろに来やすいです。', '780') ,
  ('follow-through-on', 'follow through on', 'やり遂げる', '約束や計画を最後まで実行する時に使います。', 'promise や commitment と結びつけると覚えやすいです。', '860') ,
  ('carry-over', 'carry over', '持ち越す', '使わなかった日数や予算を次の期間に残す時に使います。', 'budget や vacation days を次へ送るイメージです。', '780') ,
  ('step-up', 'step up', '強化する', '活動や取り組みの強度を上げる時に使います。', 'effort や inspection を強める場面が典型です。', '730') ,
  ('scale-back', 'scale back', '縮小する', '予算や計画の規模を小さくする時に使います。', 'budget や operation の規模を下げるイメージです。', '860') ,
  ('map-out', 'map out', '詳細に計画する', '工程や進め方を具体的に描く時に使います。', 'schedule や strategy を可視化する感覚です。', '780') ,
  ('send-back', 'send back', '返品する', '商品や書類を送り返す時に使われます。', 'item や product を返送する場面でよく出ます。', '700') ,
  ('count-on', 'count on', '頼る', '人やチームをあてにする時に使います。', 'support や help を期待する文脈で自然です。', '730') ,
  ('work-out', 'work out', '解決する', '問題や条件をうまく処理して着地させる時に使います。', 'solution や arrangement と相性が良いです。', '780')
on conflict (id) do nothing;

insert into public.idiom_variants (idiom_id, variant, is_primary)
values
  ('hold-up', 'hold up', true) ,
  ('hand-over', 'hand over', true) ,
  ('sort-out', 'sort out', true) ,
  ('bring-up', 'bring up', true) ,
  ('send-out', 'send out', true) ,
  ('rule-out', 'rule out', true) ,
  ('sum-up', 'sum up', true) ,
  ('roll-out', 'roll out', true) ,
  ('phase-out', 'phase out', true) ,
  ('turn-out', 'turn out', true) ,
  ('sign-up-for', 'sign up for', true) ,
  ('log-in', 'log in', true) ,
  ('back-out-of', 'back out of', true) ,
  ('go-ahead-with', 'go ahead with', true) ,
  ('put-through', 'put through', true) ,
  ('step-in', 'step in', true) ,
  ('line-up', 'line up', true) ,
  ('bring-in', 'bring in', true) ,
  ('call-for', 'call for', true) ,
  ('follow-through-on', 'follow through on', true) ,
  ('follow-through-on', 'follow through', false) ,
  ('carry-over', 'carry over', true) ,
  ('step-up', 'step up', true) ,
  ('scale-back', 'scale back', true) ,
  ('map-out', 'map out', true) ,
  ('send-back', 'send back', true) ,
  ('count-on', 'count on', true) ,
  ('work-out', 'work out', true)
on conflict (idiom_id, variant) do nothing;

insert into public.questions (id, idiom_id, prompt_ja, question_type)
values
  ('q-hold-up', 'hold-up', '遅らせる', 'ja_to_idiom') ,
  ('q-hold-up-ja', 'hold-up', 'hold up', 'idiom_to_ja') ,
  ('q-hold-up-sentence-ja', 'hold-up', 'Heavy traffic held up the delivery this morning.', 'sentence_to_ja') ,
  ('q-hold-up-sentence-en', 'hold-up', '今朝のひどい渋滞で配送が遅れました。', 'sentence_ja_to_en') ,
  ('q-hand-over', 'hand-over', '引き渡す', 'ja_to_idiom') ,
  ('q-hand-over-ja', 'hand-over', 'hand over', 'idiom_to_ja') ,
  ('q-hand-over-sentence-ja', 'hand-over', 'Please hand over the files to Ms. Sato before noon.', 'sentence_to_ja') ,
  ('q-hand-over-sentence-en', 'hand-over', '正午までにその書類を佐藤さんへ引き渡してください。', 'sentence_ja_to_en') ,
  ('q-sort-out', 'sort-out', '整理する', 'ja_to_idiom') ,
  ('q-sort-out-ja', 'sort-out', 'sort out', 'idiom_to_ja') ,
  ('q-sort-out-sentence-ja', 'sort-out', 'We need to sort out the seating plan today.', 'sentence_to_ja') ,
  ('q-sort-out-sentence-en', 'sort-out', '今日中に座席表を整理する必要があります。', 'sentence_ja_to_en') ,
  ('q-bring-up', 'bring-up', '取り上げる', 'ja_to_idiom') ,
  ('q-bring-up-ja', 'bring-up', 'bring up', 'idiom_to_ja') ,
  ('q-bring-up-sentence-ja', 'bring-up', 'He brought up the budget issue during the meeting.', 'sentence_to_ja') ,
  ('q-bring-up-sentence-en', 'bring-up', '彼は会議中に予算の問題を取り上げました。', 'sentence_ja_to_en') ,
  ('q-send-out', 'send-out', '送付する', 'ja_to_idiom') ,
  ('q-send-out-ja', 'send-out', 'send out', 'idiom_to_ja') ,
  ('q-send-out-sentence-ja', 'send-out', 'The HR team sent out the interview schedule yesterday.', 'sentence_to_ja') ,
  ('q-send-out-sentence-en', 'send-out', '人事チームは昨日、面接日程を送付しました。', 'sentence_ja_to_en') ,
  ('q-rule-out', 'rule-out', '除外する', 'ja_to_idiom') ,
  ('q-rule-out-ja', 'rule-out', 'rule out', 'idiom_to_ja') ,
  ('q-rule-out-sentence-ja', 'rule-out', 'We can rule out cost as the main cause.', 'sentence_to_ja') ,
  ('q-rule-out-sentence-en', 'rule-out', '主な原因としてコストは除外できます。', 'sentence_ja_to_en') ,
  ('q-sum-up', 'sum-up', '要約する', 'ja_to_idiom') ,
  ('q-sum-up-ja', 'sum-up', 'sum up', 'idiom_to_ja') ,
  ('q-sum-up-sentence-ja', 'sum-up', 'Let me sum up the key points at the end.', 'sentence_to_ja') ,
  ('q-sum-up-sentence-en', 'sum-up', '最後に要点を要約させてください。', 'sentence_ja_to_en') ,
  ('q-roll-out', 'roll-out', '展開する', 'ja_to_idiom') ,
  ('q-roll-out-ja', 'roll-out', 'roll out', 'idiom_to_ja') ,
  ('q-roll-out-sentence-ja', 'roll-out', 'The company will roll out the new app next month.', 'sentence_to_ja') ,
  ('q-roll-out-sentence-en', 'roll-out', '会社は来月、新しいアプリを展開します。', 'sentence_ja_to_en') ,
  ('q-phase-out', 'phase-out', '段階的に廃止する', 'ja_to_idiom') ,
  ('q-phase-out-ja', 'phase-out', 'phase out', 'idiom_to_ja') ,
  ('q-phase-out-sentence-ja', 'phase-out', 'They plan to phase out paper invoices next year.', 'sentence_to_ja') ,
  ('q-phase-out-sentence-en', 'phase-out', '彼らは来年、紙の請求書を段階的に廃止する予定です。', 'sentence_ja_to_en') ,
  ('q-turn-out', 'turn-out', '判明する', 'ja_to_idiom') ,
  ('q-turn-out-ja', 'turn-out', 'turn out', 'idiom_to_ja') ,
  ('q-turn-out-sentence-ja', 'turn-out', 'The test results turned out better than expected.', 'sentence_to_ja') ,
  ('q-turn-out-sentence-en', 'turn-out', '検査結果は予想より良いことが判明しました。', 'sentence_ja_to_en') ,
  ('q-sign-up-for', 'sign-up-for', '申し込む', 'ja_to_idiom') ,
  ('q-sign-up-for-ja', 'sign-up-for', 'sign up for', 'idiom_to_ja') ,
  ('q-sign-up-for-sentence-ja', 'sign-up-for', 'Many employees signed up for the training course.', 'sentence_to_ja') ,
  ('q-sign-up-for-sentence-en', 'sign-up-for', '多くの社員がその研修コースに申し込みました。', 'sentence_ja_to_en') ,
  ('q-log-in', 'log-in', 'ログインする', 'ja_to_idiom') ,
  ('q-log-in-ja', 'log-in', 'log in', 'idiom_to_ja') ,
  ('q-log-in-sentence-ja', 'log-in', 'Please log in before you access the dashboard.', 'sentence_to_ja') ,
  ('q-log-in-sentence-en', 'log-in', 'ダッシュボードにアクセスする前にログインしてください。', 'sentence_ja_to_en') ,
  ('q-back-out-of', 'back-out-of', '手を引く', 'ja_to_idiom') ,
  ('q-back-out-of-ja', 'back-out-of', 'back out of', 'idiom_to_ja') ,
  ('q-back-out-of-sentence-ja', 'back-out-of', 'The supplier backed out of the deal at the last minute.', 'sentence_to_ja') ,
  ('q-back-out-of-sentence-en', 'back-out-of', 'その仕入れ先は土壇場で契約から手を引きました。', 'sentence_ja_to_en') ,
  ('q-go-ahead-with', 'go-ahead-with', '進める', 'ja_to_idiom') ,
  ('q-go-ahead-with-ja', 'go-ahead-with', 'go ahead with', 'idiom_to_ja') ,
  ('q-go-ahead-with-sentence-ja', 'go-ahead-with', 'We decided to go ahead with the campaign.', 'sentence_to_ja') ,
  ('q-go-ahead-with-sentence-en', 'go-ahead-with', '私たちはそのキャンペーンを進めることにしました。', 'sentence_ja_to_en') ,
  ('q-put-through', 'put-through', '取り次ぐ', 'ja_to_idiom') ,
  ('q-put-through-ja', 'put-through', 'put through', 'idiom_to_ja') ,
  ('q-put-through-sentence-ja', 'put-through', 'Could you put me through to the sales department?', 'sentence_to_ja') ,
  ('q-put-through-sentence-en', 'put-through', '営業部に取り次いでいただけますか。', 'sentence_ja_to_en') ,
  ('q-step-in', 'step-in', '介入する', 'ja_to_idiom') ,
  ('q-step-in-ja', 'step-in', 'step in', 'idiom_to_ja') ,
  ('q-step-in-sentence-ja', 'step-in', 'The manager stepped in to settle the dispute.', 'sentence_to_ja') ,
  ('q-step-in-sentence-en', 'step-in', '部長はその対立を収めるために介入しました。', 'sentence_ja_to_en') ,
  ('q-line-up', 'line-up', '手配する', 'ja_to_idiom') ,
  ('q-line-up-ja', 'line-up', 'line up', 'idiom_to_ja') ,
  ('q-line-up-sentence-ja', 'line-up', 'We lined up three vendors for the project.', 'sentence_to_ja') ,
  ('q-line-up-sentence-en', 'line-up', '私たちはその案件のために三社の業者を手配しました。', 'sentence_ja_to_en') ,
  ('q-bring-in', 'bring-in', '起用する', 'ja_to_idiom') ,
  ('q-bring-in-ja', 'bring-in', 'bring in', 'idiom_to_ja') ,
  ('q-bring-in-sentence-ja', 'bring-in', 'The firm will bring in two outside consultants.', 'sentence_to_ja') ,
  ('q-bring-in-sentence-en', 'bring-in', 'その会社は外部コンサルタントを二人起用します。', 'sentence_ja_to_en') ,
  ('q-call-for', 'call-for', '必要とする', 'ja_to_idiom') ,
  ('q-call-for-ja', 'call-for', 'call for', 'idiom_to_ja') ,
  ('q-call-for-sentence-ja', 'call-for', 'This position calls for strong communication skills.', 'sentence_to_ja') ,
  ('q-call-for-sentence-en', 'call-for', 'この職種は高いコミュニケーション力を必要とします。', 'sentence_ja_to_en') ,
  ('q-follow-through-on', 'follow-through-on', 'やり遂げる', 'ja_to_idiom') ,
  ('q-follow-through-on-ja', 'follow-through-on', 'follow through on', 'idiom_to_ja') ,
  ('q-follow-through-on-sentence-ja', 'follow-through-on', 'She always follows through on her promises.', 'sentence_to_ja') ,
  ('q-follow-through-on-sentence-en', 'follow-through-on', '彼女はいつも自分の約束をやり遂げます。', 'sentence_ja_to_en') ,
  ('q-carry-over', 'carry-over', '持ち越す', 'ja_to_idiom') ,
  ('q-carry-over-ja', 'carry-over', 'carry over', 'idiom_to_ja') ,
  ('q-carry-over-sentence-ja', 'carry-over', 'Any unused days will carry over to next year.', 'sentence_to_ja') ,
  ('q-carry-over-sentence-en', 'carry-over', '未使用の日数は来年に持ち越されます。', 'sentence_ja_to_en') ,
  ('q-step-up', 'step-up', '強化する', 'ja_to_idiom') ,
  ('q-step-up-ja', 'step-up', 'step up', 'idiom_to_ja') ,
  ('q-step-up-sentence-ja', 'step-up', 'We need to step up our quality checks.', 'sentence_to_ja') ,
  ('q-step-up-sentence-en', 'step-up', '品質確認を強化する必要があります。', 'sentence_ja_to_en') ,
  ('q-scale-back', 'scale-back', '縮小する', 'ja_to_idiom') ,
  ('q-scale-back-ja', 'scale-back', 'scale back', 'idiom_to_ja') ,
  ('q-scale-back-sentence-ja', 'scale-back', 'The company decided to scale back the advertising budget.', 'sentence_to_ja') ,
  ('q-scale-back-sentence-en', 'scale-back', '会社は広告予算を縮小することにしました。', 'sentence_ja_to_en') ,
  ('q-map-out', 'map-out', '詳細に計画する', 'ja_to_idiom') ,
  ('q-map-out-ja', 'map-out', 'map out', 'idiom_to_ja') ,
  ('q-map-out-sentence-ja', 'map-out', 'Let''s map out the launch schedule this afternoon.', 'sentence_to_ja') ,
  ('q-map-out-sentence-en', 'map-out', '今日の午後、発売日程を詳細に計画しましょう。', 'sentence_ja_to_en') ,
  ('q-send-back', 'send-back', '返品する', 'ja_to_idiom') ,
  ('q-send-back-ja', 'send-back', 'send back', 'idiom_to_ja') ,
  ('q-send-back-sentence-ja', 'send-back', 'The customer sent back the damaged item.', 'sentence_to_ja') ,
  ('q-send-back-sentence-en', 'send-back', 'その顧客は破損した商品を返品しました。', 'sentence_ja_to_en') ,
  ('q-count-on', 'count-on', '頼る', 'ja_to_idiom') ,
  ('q-count-on-ja', 'count-on', 'count on', 'idiom_to_ja') ,
  ('q-count-on-sentence-ja', 'count-on', 'You can count on our team for quick support.', 'sentence_to_ja') ,
  ('q-count-on-sentence-en', 'count-on', '迅速な対応については私たちのチームを頼っていただけます。', 'sentence_ja_to_en') ,
  ('q-work-out', 'work-out', '解決する', 'ja_to_idiom') ,
  ('q-work-out-ja', 'work-out', 'work out', 'idiom_to_ja') ,
  ('q-work-out-sentence-ja', 'work-out', 'We worked out a fair solution for both sides.', 'sentence_to_ja') ,
  ('q-work-out-sentence-en', 'work-out', '私たちは双方にとって公平な解決策を見いだしました。', 'sentence_ja_to_en')
on conflict (id) do nothing;
